{"count":1,"self":167.0242432,"total":169.916484,"children":{"InitializeActuators":{"count":12,"self":0.0020583999999999997,"total":0.0020583999999999997,"children":null},"InitializeSensors":{"count":12,"self":0.0019626,"total":0.0019626,"children":null},"AgentSendState":{"count":8243,"self":0.3049505,"total":0.5656686,"children":{"CollectObservations":{"count":19788,"self":0.093375699999999992,"total":0.093375699999999992,"children":null},"WriteActionMask":{"count":19788,"self":0.0577738,"total":0.0577738,"children":null},"RequestDecision":{"count":19788,"self":0.10956859999999999,"total":0.10956859999999999,"children":null}}},"DecideAction":{"count":8243,"self":1.9102428,"total":1.9102428,"children":null},"AgentAct":{"count":8243,"self":0.41130809999999995,"total":0.41130809999999995,"children":null}},"gauges":{"3DBall.CumulativeReward":{"count":12,"max":99.99905,"min":99.99905,"runningAverage":99.99905,"value":99.99905,"weightedAverage":99.99905}},"metadata":{"timer_format_version":"0.1.0","start_time_seconds":"1637836709","unity_version":"2020.3.23f1","command_line_arguments":"C:\\Program Files\\Unity\\Hub\\Editor\\2020.3.23f1\\Editor\\Unity.exe -projectpath D:\/ESIEE\/2A\/INFOGRAPHIE3D\/ml-agents\/Project -useHub -hubIPC -cloudEnvironment production -skipUpgradeDialogs -hubSessionId 66e610e0-4dd1-11ec-a206-4fa75826a748","communication_protocol_version":"1.5.0","com.unity.ml-agents_version":"2.1.0-exp.1","scene_name":"3DBall","end_time_seconds":"1637836878"}}